transcript_file,row_index,status,reason
DM_20250425-171549_Interview.json,0,confirmed,
DM_20250425-174256_Interview.json,1,confirmed,
DM_20250425-180816_Interview.json,2,confirmed,
DM_20250425-183356_Interview.json,3,confirmed,
DM_20250425-185948_Interview.json,4,confirmed,
DM_20250425-192409_Interview.json,5,confirmed,matched after name cleaning
DM_20250425-194845_Interview.json,6,confirmed,
DM_20250425-201459_Interview.json,7,confirmed,
DM_20250425-203858_Interview.json,8,confirmed,
DM_20250425-204153_Interview.json,9,confirmed,
DM_20250425-211126_Interview.json,10,confirmed,
DM_20250425-213754_Interview.json,11,confirmed,
DM_20250425-220909_Interview.json,12,confirmed,
DM_20250425-222213_Interview.json,13,confirmed,
DM_20250425-225043_Interview.json,14,confirmed,
DM_20250426-015117_Interview.json,15,confirmed,
DM_20250426-021712_Interview.json,16,confirmed,
DM_20250426-024233_Interview.json,17,confirmed,
DM_20250426-031055_Interview.json,18,confirmed,
DM_20250426-033515_Interview.json,19,confirmed,
DM_20250426-040206_Interview.json,20,confirmed,
DM_20250426-041435_Interview.json,21,confirmed,
DM_20250426-044926_Interview.json,22,confirmed,
DM_20250426-051418_Interview.json,23,confirmed,
DM_20250426-054045_Interview.json,24,confirmed,
DM_20250426-065703_Interview.json,25,confirmed,
DM_20250426-072813_Interview.json,26,confirmed,
DM_20250426-075428_Interview.json,27,confirmed,
DM_20250426-080834_Interview.json,28,confirmed,
DM_20250426-082857_Interview.json,29,confirmed,
DM_20250426-085818_Interview.json,30,confirmed,
DM_20250426-090112_Interview.json,31,confirmed,
DM_20250426-092820_Interview.json,32,confirmed,
DM_20250426-100032_Interview.json,33,confirmed,
DM_20250426-102610_Interview.json,34,confirmed,
DM_20250426-110108_Interview.json,35,confirmed,
DM_20250426-112538_Interview.json,36,confirmed,
DM_20250426-115019_Interview.json,37,confirmed,
DM_20250426-121559_Interview.json,38,confirmed,
DM_20250426-124359_Interview.json,39,confirmed,
DM_20250426-131249_Interview.json,40,confirmed,
DM_20250426-133603_Interview.json,41,confirmed,
DM_20250426-140057_Interview.json,42,confirmed,
DM_20250426-142528_Interview.json,43,confirmed,
DM_20250426-155200_Interview.json,44,confirmed,
DM_20250426-161454_Interview.json,45,confirmed,
DM_20250426-164126_Interview.json,46,confirmed,
DM_20250426-170932_Interview.json,47,confirmed,
DM_20250426-174355_Interview.json,48,confirmed,
DM_20250426-180656_Interview.json,49,confirmed,
DM_20250426-183445_Interview.json,50,confirmed,
DM_20250426-191205_Interview.json,51,confirmed,
DM_20250426-192303_Interview.json,52,confirmed,
DM_20250426-204110_Interview.json,53,confirmed,
DM_20250426-215913_Interview.json,54,confirmed,
DM_20250426-223017_Interview.json,55,confirmed,
DM_20250426-225436_Interview.json,56,confirmed,
DM_20250426-232536_Interview.json,57,confirmed,
DM_20250427-045715_Interview.json,58,confirmed,
DM_20250427-052809_Interview.json,59,confirmed,
DM_20250427-055904_Interview.json,60,confirmed,
DM_20250427-063510_Interview.json,61,confirmed,
DM_20250427-070336_Interview.json,62,confirmed,
DM_20250427-073238_Interview.json,63,confirmed,
DM_20250427-080037_Interview.json,64,confirmed,
DM_20250427-083016_Interview.json,65,confirmed,
DM_20250427-085605_Interview.json,66,confirmed,
DM_20250427-085854_Interview.json,67,confirmed,
DM_20250427-092438_Interview.json,68,confirmed,
DM_20250427-095421_Interview.json,69,confirmed,
DM_20250427-101833_Interview.json,70,confirmed,
DM_20250427-105006_Interview.json,71,confirmed,
DM_20250427-110824_Interview.json,72,confirmed,
DM_20250427-111116_Interview.json,73,confirmed,
DM_20250427-113824_Interview.json,74,confirmed,
DM_20250427-120522_Interview.json,75,confirmed,
DM_20250427-123219_Interview.json,76,confirmed,
DM_20250427-125714_Interview.json,77,confirmed,
DM_20250427-132321_Interview.json,78,confirmed,
DM_20250427-132719_Interview.json,79,confirmed,
DM_20250427-135312_Interview.json,80,confirmed,
DM_20250427-142047_Interview.json,81,confirmed,
DM_20250427-144510_Interview.json,82,confirmed,
DM_20250427-150925_Interview.json,83,confirmed,
DM_20250427-153721_Interview.json,84,confirmed,
DM_20250427-160614_Interview.json,85,confirmed,
DM_20250427-163123_Interview.json,86,confirmed,
DM_20250427-170136_Interview.json,87,confirmed,
DM_20250427-172402_Interview.json,88,confirmed,
DM_20250427-175121_Interview.json,89,confirmed,matched after name cleaning
DM_20250427-181342_Interview.json,90,confirmed,matched after name cleaning
DM_20250427-184530_Interview.json,91,confirmed,
DM_20250427-190932_Interview.json,92,confirmed,
DM_20250427-193724_Interview.json,93,confirmed,
DM_20250427-200206_Interview.json,94,confirmed,
DM_20250427-203136_Interview.json,95,confirmed,
DM_20250427-211417_Interview.json,96,confirmed,
DM_20250427-214525_Interview.json,97,confirmed,
DM_20250427-221558_Interview.json,98,confirmed,
DM_20250427-224455_Interview.json,99,confirmed,
DM_20250427-231043_Interview.json,100,confirmed,
DM_20250427-233442_Interview.json,101,confirmed,
DM_20250427-235930_Interview.json,102,confirmed,
DM_20250428-002857_Interview.json,103,confirmed,
DM_20250428-005326_Interview.json,104,confirmed,
DM_20250428-012836_Interview.json,105,confirmed,
DM_20250428-020343_Interview.json,106,confirmed,
DM_20250428-022805_Interview.json,107,confirmed,
DM_20250428-025056_Interview.json,108,confirmed,
DM_20250428-031608_Interview.json,109,confirmed,
DM_20250428-034634_Interview.json,110,confirmed,
DM_20250428-041223_Interview.json,111,confirmed,
DM_20250428-052121_Interview.json,112,confirmed,
DM_20250428-055231_Interview.json,113,confirmed,
DM_20250428-061846_Interview.json,114,confirmed,
DM_20250428-064335_Interview.json,115,confirmed,
DM_20250428-071500_Interview.json,116,confirmed,
DM_20250428-071927_Interview.json,117,confirmed,
DM_20250428-074346_Interview.json,118,confirmed,
DM_20250428-081637_Interview.json,119,confirmed,
DM_20250428-084737_Interview.json,120,confirmed,
DM_20250428-091756_Interview.json,121,confirmed,
DM_20250428-094356_Interview.json,122,confirmed,
DM_20250428-101025_Interview.json,123,confirmed,
DM_20250428-104612_Interview.json,124,confirmed,
DM_20250428-111206_Interview.json,125,confirmed,
DM_20250428-122830_Interview.json,126,confirmed,
DM_20250428-130033_Interview.json,127,confirmed,
DM_20250428-132626_Interview.json,128,confirmed,
DM_20250428-140229_Interview.json,129,confirmed,
DM_20250428-142927_Interview.json,130,confirmed,
DM_20250428-150338_Interview.json,131,confirmed,
DM_20250428-153149_Interview.json,132,confirmed,
DM_20250428-154558_Interview.json,133,confirmed,
DM_20250428-160817_Interview.json,134,confirmed,
DM_20250428-163446_Interview.json,135,confirmed,
DM_20250428-165912_Interview.json,136,confirmed,
DM_20250428-172852_Interview.json,137,confirmed,
DM_20250428-180229_Interview.json,138,confirmed,
DM_20250428-182802_Interview.json,139,confirmed,
DM_20250428-185658_Interview.json,140,confirmed,
DM_20250428-192234_Interview.json,141,confirmed,
DM_20250428-192407_Interview.json,142,confirmed,
DM_20250428-194728_Interview.json,143,confirmed,
DM_20250428-201240_Interview.json,144,confirmed,
DM_20250428-204221_Interview.json,145,confirmed,
DM_20250428-210633_Interview.json,146,confirmed,
DM_20250428-213133_Interview.json,147,confirmed,
DM_20250428-215743_Interview.json,148,confirmed,
DM_20250428-222322_Interview.json,149,confirmed,
DM_20250428-225837_Interview.json,150,confirmed,
DM_20250428-232528_Interview.json,151,confirmed,
DM_20250428-235723_Interview.json,152,confirmed,
DM_20250429-002224_Interview.json,153,confirmed,
DM_20250429-004952_Interview.json,154,confirmed,
DM_20250429-011504_Interview.json,155,confirmed,
DM_20250429-014128_Interview.json,156,confirmed,
DM_20250429-020455_Interview.json,157,confirmed,
DM_20250429-023642_Interview.json,158,confirmed,
DM_20250429-030941_Interview.json,159,confirmed,
DM_20250429-033532_Interview.json,160,confirmed,
DM_20250429-040356_Interview.json,161,confirmed,
DM_20250429-043057_Interview.json,162,confirmed,
DM_20250429-045409_Interview.json,163,confirmed,
DM_20250429-051641_Interview.json,164,confirmed,
DM_20250429-054305_Interview.json,165,confirmed,
DM_20250429-060853_Interview.json,166,confirmed,
DM_20250429-063640_Interview.json,167,confirmed,
DM_20250429-070346_Interview.json,168,confirmed,
DM_20250429-072950_Interview.json,169,confirmed,
DM_20250429-075617_Interview.json,170,confirmed,
DM_20250429-093442_Interview.json,171,confirmed,
DM_20250429-100224_Interview.json,172,confirmed,
DM_20250429-100535_Interview.json,173,confirmed,
