transcript_file,interviewer_leak,patient_leak,short
DM_20250425-171549_Interview.json,False,False,False
DM_20250425-174256_Interview.json,False,False,False
DM_20250425-180816_Interview.json,False,True,False
DM_20250425-183356_Interview.json,False,False,False
DM_20250425-185948_Interview.json,False,False,False
DM_20250425-192409_Interview.json,False,False,False
DM_20250425-194845_Interview.json,False,False,False
DM_20250425-201459_Interview.json,True,True,False
DM_20250425-203858_Interview.json,False,False,True
DM_20250425-204153_Interview.json,True,True,False
DM_20250425-211126_Interview.json,False,False,False
DM_20250425-213754_Interview.json,False,False,False
DM_20250425-220909_Interview.json,True,False,False
DM_20250425-222213_Interview.json,False,False,False
DM_20250425-225043_Interview.json,True,True,False
DM_20250426-015117_Interview.json,False,False,False
DM_20250426-021712_Interview.json,False,False,False
DM_20250426-024233_Interview.json,True,True,False
DM_20250426-031055_Interview.json,False,False,False
DM_20250426-033515_Interview.json,False,False,False
DM_20250426-040206_Interview.json,False,False,False
DM_20250426-041435_Interview.json,False,False,False
DM_20250426-044926_Interview.json,False,False,False
DM_20250426-051418_Interview.json,False,False,False
DM_20250426-054045_Interview.json,True,False,False
DM_20250426-065703_Interview.json,False,False,False
DM_20250426-072813_Interview.json,False,False,False
DM_20250426-075428_Interview.json,True,True,False
DM_20250426-080834_Interview.json,True,True,False
DM_20250426-082857_Interview.json,False,False,False
DM_20250426-085818_Interview.json,False,False,True
DM_20250426-090112_Interview.json,False,True,False
DM_20250426-092820_Interview.json,True,True,False
DM_20250426-100032_Interview.json,True,False,False
DM_20250426-102610_Interview.json,False,True,False
DM_20250426-110108_Interview.json,False,False,False
DM_20250426-112538_Interview.json,False,False,False
DM_20250426-115019_Interview.json,False,False,False
DM_20250426-121559_Interview.json,False,False,False
DM_20250426-124359_Interview.json,False,False,False
DM_20250426-131249_Interview.json,False,False,False
DM_20250426-133603_Interview.json,False,False,False
DM_20250426-140057_Interview.json,False,True,False
DM_20250426-142528_Interview.json,True,True,False
DM_20250426-155200_Interview.json,False,False,False
DM_20250426-161454_Interview.json,True,True,False
DM_20250426-164126_Interview.json,False,False,False
DM_20250426-170932_Interview.json,False,False,False
DM_20250426-174355_Interview.json,False,False,False
DM_20250426-180656_Interview.json,False,False,False
DM_20250426-183445_Interview.json,False,False,False
DM_20250426-191205_Interview.json,True,False,False
DM_20250426-192303_Interview.json,False,True,False
DM_20250426-204110_Interview.json,True,True,False
DM_20250426-215913_Interview.json,False,False,False
DM_20250426-223017_Interview.json,False,False,False
DM_20250426-225436_Interview.json,False,False,False
DM_20250426-232536_Interview.json,True,True,False
DM_20250427-045715_Interview.json,False,False,False
DM_20250427-052809_Interview.json,True,False,False
DM_20250427-055904_Interview.json,True,False,False
DM_20250427-063510_Interview.json,False,False,False
DM_20250427-070336_Interview.json,False,True,False
DM_20250427-073238_Interview.json,False,False,False
DM_20250427-080037_Interview.json,False,False,False
DM_20250427-083016_Interview.json,False,False,False
DM_20250427-085605_Interview.json,False,False,True
DM_20250427-085854_Interview.json,True,False,False
DM_20250427-092438_Interview.json,False,True,False
DM_20250427-095421_Interview.json,False,False,False
DM_20250427-101833_Interview.json,False,False,False
DM_20250427-105006_Interview.json,True,True,False
DM_20250427-110824_Interview.json,False,False,True
DM_20250427-111116_Interview.json,False,False,False
DM_20250427-113824_Interview.json,False,False,False
DM_20250427-120522_Interview.json,False,False,False
DM_20250427-123219_Interview.json,False,False,False
DM_20250427-125714_Interview.json,False,True,False
DM_20250427-132321_Interview.json,False,False,True
DM_20250427-132719_Interview.json,True,False,False
DM_20250427-135312_Interview.json,False,False,False
DM_20250427-142047_Interview.json,False,False,False
DM_20250427-144510_Interview.json,False,False,False
DM_20250427-150925_Interview.json,False,False,False
DM_20250427-153721_Interview.json,False,False,False
DM_20250427-160614_Interview.json,True,True,False
DM_20250427-163123_Interview.json,False,False,False
DM_20250427-170136_Interview.json,False,False,False
DM_20250427-172402_Interview.json,False,True,False
DM_20250427-175121_Interview.json,True,True,False
DM_20250427-181342_Interview.json,False,False,False
DM_20250427-184530_Interview.json,False,False,False
DM_20250427-190932_Interview.json,False,False,False
DM_20250427-193724_Interview.json,False,False,False
DM_20250427-200206_Interview.json,False,False,False
DM_20250427-203136_Interview.json,False,False,False
DM_20250427-211417_Interview.json,False,False,False
DM_20250427-214525_Interview.json,True,False,False
DM_20250427-221558_Interview.json,False,False,False
DM_20250427-224455_Interview.json,True,True,False
DM_20250427-231043_Interview.json,False,False,False
DM_20250427-233442_Interview.json,False,False,False
DM_20250427-235930_Interview.json,True,True,False
DM_20250428-002857_Interview.json,False,False,False
DM_20250428-005326_Interview.json,False,False,False
DM_20250428-012836_Interview.json,False,False,False
DM_20250428-020343_Interview.json,True,False,False
DM_20250428-022805_Interview.json,False,False,False
DM_20250428-025056_Interview.json,False,False,False
DM_20250428-031608_Interview.json,False,False,False
DM_20250428-034634_Interview.json,False,False,False
DM_20250428-041223_Interview.json,True,True,False
DM_20250428-052121_Interview.json,False,False,False
DM_20250428-055231_Interview.json,False,False,False
DM_20250428-061846_Interview.json,False,False,False
DM_20250428-064335_Interview.json,False,False,False
DM_20250428-071500_Interview.json,True,False,True
DM_20250428-071927_Interview.json,False,False,False
DM_20250428-074346_Interview.json,False,False,False
DM_20250428-081637_Interview.json,False,False,False
DM_20250428-084737_Interview.json,False,False,False
DM_20250428-091756_Interview.json,False,False,False
DM_20250428-094356_Interview.json,False,False,False
DM_20250428-101025_Interview.json,True,True,False
DM_20250428-104612_Interview.json,False,False,False
DM_20250428-111206_Interview.json,True,True,False
DM_20250428-122830_Interview.json,False,False,False
DM_20250428-130033_Interview.json,False,False,False
DM_20250428-132626_Interview.json,False,True,False
DM_20250428-140229_Interview.json,False,False,False
DM_20250428-142927_Interview.json,False,False,False
DM_20250428-150338_Interview.json,False,False,False
DM_20250428-153149_Interview.json,True,False,False
DM_20250428-154558_Interview.json,True,True,False
DM_20250428-160817_Interview.json,False,False,False
DM_20250428-163446_Interview.json,False,False,False
DM_20250428-165912_Interview.json,False,True,False
DM_20250428-172852_Interview.json,True,False,False
DM_20250428-180229_Interview.json,False,False,False
DM_20250428-182802_Interview.json,False,True,False
DM_20250428-185658_Interview.json,True,False,False
DM_20250428-192234_Interview.json,False,False,True
DM_20250428-192407_Interview.json,False,False,False
DM_20250428-194728_Interview.json,False,False,False
DM_20250428-201240_Interview.json,False,False,False
DM_20250428-204221_Interview.json,True,True,False
DM_20250428-210633_Interview.json,False,False,False
DM_20250428-213133_Interview.json,False,False,False
DM_20250428-215743_Interview.json,False,False,False
DM_20250428-222322_Interview.json,False,False,False
DM_20250428-225837_Interview.json,False,False,False
DM_20250428-232528_Interview.json,False,False,False
DM_20250428-235723_Interview.json,False,False,False
DM_20250429-002224_Interview.json,False,False,False
DM_20250429-004952_Interview.json,False,False,False
DM_20250429-011504_Interview.json,False,False,False
DM_20250429-014128_Interview.json,False,False,False
DM_20250429-020455_Interview.json,False,False,False
DM_20250429-023642_Interview.json,False,False,False
DM_20250429-030941_Interview.json,False,False,False
DM_20250429-033532_Interview.json,True,False,False
DM_20250429-040356_Interview.json,False,True,False
DM_20250429-043057_Interview.json,False,False,False
DM_20250429-045409_Interview.json,True,False,False
DM_20250429-051641_Interview.json,False,False,False
DM_20250429-054305_Interview.json,False,False,False
DM_20250429-060853_Interview.json,False,False,False
DM_20250429-063640_Interview.json,False,True,False
DM_20250429-070346_Interview.json,False,False,False
DM_20250429-072950_Interview.json,False,False,False
DM_20250429-075617_Interview.json,True,True,False
DM_20250429-093442_Interview.json,False,False,False
DM_20250429-100224_Interview.json,False,False,True
DM_20250429-100535_Interview.json,False,False,False
